"_fetchedAt","_operation","addedText","agentTier","areaText","areaUnit","areaValue","badge","baths","beds","category","city","cityId","currency","dealType","listingId","locationText","photoCount","price","priceText","propertyTitle","searchUrl","searchedLocation","snippet","status","thumbnailUrl","updatedText","url"
"2026-09-21T18:30:02.879Z","search","Added: 3 hours ago","Titanium","1 Kanal","Kanal","1","super hot","7","5","rentals","Lahore","1","PKR","rent","54745226","DHA Phase 8 - Ex Air Avenue, DHA Phase 8","21","700000","7 Lakh","1 Kanal Brand New Fully Furnished","https://www.zameen.com/Rentals/Lahore-1-1.html","Lahore · Homes for rent","1 Kanal Brand New Fully Furnished L","success","https://media.zameen.com/thumbnails/307546138-400x300.jpeg","(Updated: 3 hours ago)","https://www.zameen.com/Property/dha_phase_8_dha_phase_8_-_ex_air_avenue_1_kanal_brand_new_fully_furnished-54745226-407-4.html"
"2026-09-21T18:30:02.994Z","search","Added: 4 hours ago","Titanium","1 Kanal","Kanal","1","super hot","6","7","rentals","Lahore","1","PKR","rent","54620744","DHA Phase 6, DHA Defence","14","480000","4.8 Lakh","LIKE A BRAND NEW 1 KANAL HOUSE WITH BASEMENT FOR RENT DHA PHASE 6","https://www.zameen.com/Rentals/Lahore-1-1.html","Lahore · Homes for rent","1 Kanal House For Rent 

1 Kanal Ho","success","https://media.zameen.com/thumbnails/306995380-400x300.jpeg",,"https://www.zameen.com/Property/dha_defence_dha_phase_6_like_a_brand_new_1_kanal_house_with_basement_for_rent_dha_phase_6-54620744-1448-4.html"
"2026-09-21T18:30:03.075Z","search","Added: 4 hours ago","Titanium","2 Kanal","Kanal","2","super hot","6","5","rentals","Lahore","1","PKR","rent","54686500","DHA Phase 7, DHA Defence","19","550000","5.5 Lakh","2 KANAL HOUSE FOR RENT 1 KANAL HOUSE 1 KANAL LAWN (20 KV SOLAR)","https://www.zameen.com/Rentals/Lahore-1-1.html","Lahore · Homes for rent","2 Kanal Semi-Furnished House for Re","success","https://media.zameen.com/thumbnails/306708613-400x300.jpeg",,"https://www.zameen.com/Property/dha_defence_dha_phase_7_2_kanal_house_for_rent_1_kanal_house_1_kanal_lawn_20_kv_solar-54686500-1450-4.html"
"2026-09-21T18:30:03.155Z","search","Added: 6 hours ago","Titanium","14 Marla","Marla","14","super hot","4","4","rentals","Lahore","1","PKR","rent","54774069","Askari 10, Askari","42","165000","1.65 Lakh","Brand New Open View 14 Marla Apartment Low Price From Market","https://www.zameen.com/Rentals/Lahore-1-1.html","Lahore · Homes for rent","It includes:
4 Bedrooms with attach","success","https://media.zameen.com/thumbnails/307557143-400x300.jpeg",,"https://www.zameen.com/Property/askari_askari_10_brand_new_open_view_14_marla_apartment_low_price_from_market-54774069-1011-4.html"
"2026-09-21T18:30:03.395Z","search","Added: 7 hours ago","Titanium","17 Marla","Marla","17","super hot","6","5","rentals","Lahore","1","PKR","rent","10","Askari 10 - Sector S, Askari 10","31","315000","3.15 Lakh","House For Rent In Sector-S Askari-10","https://www.zameen.com/Rentals/Lahore-1-1.html","Lahore · Homes for rent","Askari Property Offers 17 Marla In","success","https://media.zameen.com/thumbnails/307209270-400x300.jpeg","(Updated: 7 hours ago)","https://www.zameen.com/Property/askari_10_askari_10_-_sector_s_house_for_rent_in_sector-s_askari-10-54737775-21434-4.html"
"2026-09-21T18:30:03.483Z","search","Added: 1 hour ago",,"10 Marla","Marla","10","super hot","6","5","rentals","Lahore","1","PKR","rent","54716150","Bahria Town - Jasmine Block, Bahria Town - Sector C","7","140000","1.4 Lakh","Luxury 10 Marla House For Rent","https://www.zameen.com/Rentals/Lahore-1-1.html","Lahore · Homes for rent","Hattar Marketing Offering Best Inve","success","https://media.zameen.com/thumbnails/306998909-400x300.jpeg",,"https://www.zameen.com/Property/bahria_town_sector_c_bahria_town_-_jasmine_block_luxury_10_marla_house_for_rent-54716150-1786-4.html"
"2026-09-21T18:30:03.567Z","search","Added: 2 hours ago",,"5 Marla","Marla","5","super hot","4","3","rentals","Lahore","1","PKR","rent","54774948","DHA 9 Town, DHA Defence","11","120000","1.2 Lakh","LUXURY 5 MARLA MODERN HOUSE FOR RENT","https://www.zameen.com/Rentals/Lahore-1-1.html","Lahore · Homes for rent","LUXURY 5 MARLA MODERN HOUSE FOR REN","success","https://media.zameen.com/thumbnails/307565157-400x300.jpeg",,"https://www.zameen.com/Property/dha_defence_dha_9_town_luxury_5_marla_modern_house_for_rent-54774948-1452-4.html"
"2026-09-21T18:30:03.641Z","search","Added: 3 hours ago",,"13 Marla","Marla","13","super hot","5","4","rentals","Lahore","1","PKR","rent","26995627","Askari 11, Askari","27","125000","1.25 Lakh","Brand New 13 Marla 4 Bed Flat For Rent In Askari Green Lahore","https://www.zameen.com/Rentals/Lahore-1-1.html","Lahore · Homes for rent","Brand New 13 Marla 4 Bed Flat For R","success","https://media.zameen.com/thumbnails/299750634-400x300.jpeg","(Updated: 3 hours ago)","https://www.zameen.com/Property/askari_askari_11_brand_new_13_marla_4_bed_flat_for_rent_in_askari_green_lahore-26995627-1503-4.html"
"2026-09-21T18:30:03.698Z","search","Added: 4 hours ago",,"5 Marla","Marla","5","super hot","4","3","rentals","Lahore","1","PKR","rent","54383858","DHA 9 Town, DHA Defence","25","98000","98 Thousand","5 MARLA BRAND NEW MODERN DESIGNER HOUSE FOR RENT","https://www.zameen.com/Rentals/Lahore-1-1.html","Lahore · Homes for rent","- 3 Bedrooms with attached washroom","success","https://media.zameen.com/thumbnails/307202481-400x300.jpeg","(Updated: 4 hours ago)","https://www.zameen.com/Property/dha_defence_dha_9_town_5_marla_brand_new_modern_designer_house_for_rent-54383858-1452-4.html"
"2026-09-21T18:30:03.749Z","search","Added: 6 hours ago",,"1 Kanal","Kanal","1","super hot","6","5","rentals","Lahore","1","PKR","rent","54579352","DHA Phase 6, DHA Defence","26","300000","3 Lakh","1 Kanal Beautifully Designed Modern House For Rent In DHA Phase 6","https://www.zameen.com/Rentals/Lahore-1-1.html","Lahore · Homes for rent","1 Kanal Beautifully Designed Modern","success","https://media.zameen.com/thumbnails/305696251-400x300.jpeg","(Updated: 6 hours ago)","https://www.zameen.com/Property/dha_defence_dha_phase_6_1_kanal_beautifully_designed_modern_house_for_rent_in_dha_phase_6-54579352-1448-4.html"
"2026-09-21T18:30:03.921Z","search","Added: 8 minutes ago","Titanium","1 Kanal","Kanal","1","Trusted","6","5","rentals","Lahore","1","PKR","rent","54723314","DHA Phase 6, DHA Defence","15","415000","4.15 Lakh","1 Kanal Most Beautiful Design Bungalow For Rent At Prime Location Of Dha Phase 6 Reasonable Price","https://www.zameen.com/Rentals/Lahore-1-1.html","Lahore · Homes for rent","1 Kanal Luxury House for Sale in DH","success","https://media.zameen.com/thumbnails/307057688-400x300.jpeg",,"https://www.zameen.com/Property/dha_defence_dha_phase_6_1_kanal_most_beautiful_design_bungalow_for_rent_at_prime_location_of_dha_phase_6_reasonable_price-54723314-1448-4.html"
"2026-09-21T18:30:04.012Z","search","Added: 8 minutes ago","Titanium","1 Kanal","Kanal","1","Trusted","6","5","rentals","Lahore","1","PKR","rent","54723012","DHA Phase 7, DHA Defence","17","380000","3.8 Lakh","1 Kanal Most Beautiful Design Bungalow For Rent At Prime Location Of Dha Phase 7 Reasonable Price","https://www.zameen.com/Rentals/Lahore-1-1.html","Lahore · Homes for rent","1 Kanal Luxury House for Rent in DH","success","https://media.zameen.com/thumbnails/307053835-400x300.jpeg",,"https://www.zameen.com/Property/dha_defence_dha_phase_7_1_kanal_most_beautiful_design_bungalow_for_rent_at_prime_location_of_dha_phase_7_reasonable_price-54723012-1450-4.html"
"2026-09-21T18:30:04.077Z","search","Added: 26 minutes ago",,"10 Marla","Marla","10",,"6","5","rentals","Lahore","1","PKR","rent","53230864","Johar Town Phase 2, Johar Town","16","185000","1.85 Lakh","13 Marla Double Storey House In Johar Town Near UMT UNIVERSITY HAKIM CKOWK","https://www.zameen.com/Rentals/Lahore-1-1.html","Lahore · Homes for rent","13 marla Outstanding double storey","success","https://media.zameen.com/thumbnails/306109230-400x300.jpeg","(Updated: 26 minutes ago)","https://www.zameen.com/Property/johar_town_johar_town_phase_2_13_marla_double_storey_house_in_johar_town_near_umt_university_hakim_ckowk-53230864-3961-4.html"
"2026-09-21T18:30:04.148Z","search","Added: 1 hour ago",,"2.4 Marla","Marla","2.4","Trusted","1","1","rentals","Lahore","1","PKR","rent","53919428","Bahria Town - Jasmine Block, Bahria Town - Sector C","5","45000","45 Thousand","One Bed Furnished Apartment Available For Rent","https://www.zameen.com/Rentals/Lahore-1-1.html","Lahore · Homes for rent","Hattar Marketing Offering Best Inve","success","https://media.zameen.com/thumbnails/306506637-400x300.jpeg",,"https://www.zameen.com/Property/bahria_town_sector_c_bahria_town_-_jasmine_block_one_bed_furnished_apartment_available_for_rent-53919428-1786-4.html"
"2026-09-21T18:30:04.278Z","search","Added: 2 hours ago",,"5 Marla","Marla","5","Trusted","4","3","rentals","Lahore","1","PKR","rent","54519245","DHA Phase 5 - Block D, DHA Phase 5","9","90000","90 Thousand","House Of 5 Marla Is Available For Rent In DHA Phase 5 - Block D, Lahore","https://www.zameen.com/Rentals/Lahore-1-1.html","Lahore · Homes for rent","This House is the ideal property at","success","https://media.zameen.com/thumbnails/305131217-400x300.jpeg",,"https://www.zameen.com/Property/dha_phase_5_dha_phase_5_-_block_d_house_of_5_marla_is_available_for_rent_in_dha_phase_5_-_block_d_lahore-54519245-1601-4.html"
"2026-09-21T18:30:04.330Z","search","Added: 2 hours ago",,"1 Kanal","Kanal","1","Trusted","4","3","rentals","Lahore","1","PKR","rent","54519255","DHA Phase 3 - Block Y, DHA Phase 3","9","95000","95 Thousand","Stunning 20 Marla Upper Portion In DHA Phase 3 - Block Y Available","https://www.zameen.com/Rentals/Lahore-1-1.html","Lahore · Homes for rent","rent this property and live comfort","success","https://media.zameen.com/thumbnails/305138255-400x300.jpeg",,"https://www.zameen.com/Property/dha_phase_3_dha_phase_3_-_block_y_stunning_20_marla_upper_portion_in_dha_phase_3_-_block_y_available-54519255-1587-4.html"
"2026-09-21T18:30:04.407Z","search","Added: 2 hours ago",,"1 Kanal","Kanal","1","Trusted","4","3","rentals","Lahore","1","PKR","rent","54519251","DHA Phase 6 - Block H, DHA Phase 6","11","105000","1.05 Lakh","This Is Your Chance To Buy Upper Portion In DHA Phase 6 - Block H Lahore","https://www.zameen.com/Rentals/Lahore-1-1.html","Lahore · Homes for rent","A Upper Portion In DHA Phase 6 - Bl","success","https://media.zameen.com/thumbnails/305139516-400x300.jpeg","(Updated: 2 hours ago)","https://www.zameen.com/Property/dha_phase_6_dha_phase_6_-_block_h_this_is_your_chance_to_buy_upper_portion_in_dha_phase_6_-_block_h_lahore-54519251-1617-4.html"
"2026-09-21T18:30:04.475Z","search","Added: 5 minutes ago","Titanium","5.1 Marla","Marla","5.1","Trusted","2","2","rentals","Lahore","1","PKR","rent","53742354","Gulberg, Lahore","13","170000","1.7 Lakh","1150 Sqft Furnished Apartment For Rent In Gulberg","https://www.zameen.com/Rentals/Lahore-1-1.html","Lahore · Homes for rent","2 Bedroom Furnished Apartment For R","success","https://media.zameen.com/thumbnails/305611766-400x300.jpeg","(Updated: 5 minutes ago)","https://www.zameen.com/Property/lahore_gulberg_1150_sqft_furnished_apartment_for_rent_in_gulberg-53742354-7-4.html"
"2026-09-21T18:30:04.564Z","search","Added: 6 minutes ago",,"5 Marla","Marla","5","Trusted","2","2","rentals","Lahore","1","PKR","rent","51110509","Johar Town Phase 2, Johar Town","22","70000","70 Thousand","5 Marla VIP Full Furnished Lower Portion For Rent In Johar Town Phase 2 Block L","https://www.zameen.com/Rentals/Lahore-1-1.html","Lahore · Homes for rent","5 Marla VIP Full Furnished Lower Po","success","https://media.zameen.com/thumbnails/305476949-400x300.jpeg",,"https://www.zameen.com/Property/johar_town_johar_town_phase_2_5_marla_vip_full_furnished_lower_portion_for_rent_in_johar_town_phase_2_block_l-51110509-3961-4.html"
"2026-09-21T18:30:04.714Z","search","Added: 10 minutes ago","Titanium","8.4 Marla","Marla","8.4","Trusted","3","2","rentals","Lahore","1","PKR","rent","53670447","Gulberg, Lahore","12","170000","1.7 Lakh","2 Bedroom Brand-New Apartment For Rent","https://www.zameen.com/Rentals/Lahore-1-1.html","Lahore · Homes for rent","Centre of MM Alam Road and Main bou","success","https://media.zameen.com/thumbnails/301309686-400x300.jpeg",,"https://www.zameen.com/Property/lahore_gulberg_2_bedroom_brand-new_apartment_for_rent-53670447-7-4.html"
"2026-09-21T18:30:04.813Z","search","Added: 10 minutes ago","Titanium","11.6 Marla","Marla","11.6","Trusted","4","3","rentals","Lahore","1","PKR","rent","52344989","Main Boulevard Gulberg, Gulberg","25","300000","3 Lakh","Modern Apartment, All Sleek And Stylish","https://www.zameen.com/Rentals/Lahore-1-1.html","Lahore · Homes for rent","2600 sq ft

A Class Furnished Apart","success","https://media.zameen.com/thumbnails/307290863-400x300.jpeg",,"https://www.zameen.com/Property/gulberg_main_boulevard_gulberg_modern_apartment_all_sleek_and_stylish-52344989-3852-4.html"
"2026-09-21T18:30:04.897Z","search","Added: 11 minutes ago","Titanium","8 Marla","Marla","8","Trusted","3","2","rentals","Lahore","1","PKR","rent","48669507","Gulberg, Lahore","11","200000","2 Lakh","Semi Furnished Flat For Rent","https://www.zameen.com/Rentals/Lahore-1-1.html","Lahore · Homes for rent","1600 sq ft Spacious best located sa","success","https://media.zameen.com/thumbnails/300511432-400x300.jpeg",,"https://www.zameen.com/Property/lahore_gulberg_semi_furnished_flat_for_rent-48669507-7-4.html"
"2026-09-21T18:30:05.001Z","search","Added: 13 minutes ago","Titanium","5 Marla","Marla","5","Trusted","2","2","rentals","Lahore","1","PKR","rent","54705812","Canal Garden, Lahore","6","45000","45 Thousand","Lower Portion of 5 Marla House Available For Rent In Canal Gardens","https://www.zameen.com/Rentals/Lahore-1-1.html","Lahore · Homes for rent","### Property Available For Rent in","success","https://media.zameen.com/thumbnails/306914458-400x300.jpeg",,"https://www.zameen.com/Property/lahore_canal_garden_lower_portion_of_5_marla_house_available_for_rent_in_canal_gardens-54705812-1287-4.html"
"2026-09-21T18:30:05.067Z","search","Added: 13 minutes ago","Titanium","5.3 Marla","Marla","5.3","Trusted","2","2","rentals","Lahore","1","PKR","rent","54596455","Gulberg, Lahore","18","160000","1.6 Lakh","2 Bedroom Apartment For Rent in Gulberg - Prime Location","https://www.zameen.com/Rentals/Lahore-1-1.html","Lahore · Homes for rent","A Well-maintained and spacious 2 Be","success","https://media.zameen.com/thumbnails/305855277-400x300.jpeg",,"https://www.zameen.com/Property/lahore_gulberg_2_bedroom_apartment_for_rent_in_gulberg_-_prime_location-54596455-7-4.html"
"2026-09-21T18:30:05.213Z","search","Added: 13 minutes ago","Titanium","10 Marla","Marla","10","Trusted","4","2","rentals","Lahore","1","PKR","rent","54645671","Gulberg 3, Gulberg","15","230000","2.3 Lakh","Premium Furnished Living | Apartment For Rent","https://www.zameen.com/Rentals/Lahore-1-1.html","Lahore · Homes for rent","Premium 2-Bedroom Apartment for Ren","success","https://media.zameen.com/thumbnails/306329124-400x300.jpeg",,"https://www.zameen.com/Property/gulberg_gulberg_3_premium_furnished_living_apartment_for_rent-54645671-3824-4.html"
